{
  "44.822,11.6275,44.8261762,11.6220539": {
    "distance": 967,
    "duration": 782,
    "id": 94
  },
  "44.822,11.6275,44.826410189178596,11.630261171165124": {
    "distance": 568,
    "duration": 470,
    "id": 86
  },
  "44.822,11.6275,44.83290154784482,11.617002635592677": {
    "distance": 1805,
    "duration": 1479,
    "id": 87
  },
  "44.822,11.6275,44.83244871007545,11.616900721714046": {
    "distance": 1746,
    "duration": 1431,
    "id": 92
  },
  "44.822,11.6275,44.830252796515666,11.618950357595248": {
    "distance": 1505,
    "duration": 1229,
    "id": 97
  },
  "44.822,11.6275,44.8283525,11.6224405": {
    "distance": 1142,
    "duration": 938,
    "id": 99
  },
  "44.822,11.6275,44.8220125,11.6275259": {
    "distance": 1,
    "duration": 1,
    "id": 101
  },
  "44.822,11.6275,44.82592495211945,11.630778960494998": {
    "distance": 582,
    "duration": 494,
    "id": 102
  },
  "44.822,11.6275,44.82589181018114,11.633006385233708": {
    "distance": 750,
    "duration": 636,
    "id": 103
  },
  "44.822,11.6275,44.82530859783391,11.625516235862706": {
    "distance": 675,
    "duration": 561,
    "id": 104
  },
  "44.822,11.6275,44.8278457,11.6219084": {
    "distance": 1103,
    "duration": 907,
    "id": 105
  }
}